INSERT INTO sex_type(TYPE)
VALUES ('M'),
		('F');
        
INSERT INTO blood_type(BLOOD_CLASS)
VALUES ('A+'),
		('A-'),
        ('B+'),
        ('B-'),
        ('AB+'),
        ('AB-'),
        ('O+'),
        ('O-');

INSERT INTO civil_status(STATUS)
VALUES ('Single'),
		('Marriaged'),
        ('Divorced'),
        ('Engaged');

INSERT INTO provinces(NAME, PROVINCE_CODE)
VALUES ('Valencia', 46),
		('Malaga', 29),
        ('Granada', 18),
        ('Salamanca', 37),
        ('Barcelona', 08),
        ('La Coruña', 33);

INSERT INTO cities(CITY_NAME, POSTAL_CODE, PROVINCE_CODE)
VALUES ('Valencia', '46900', 46),
		('Malaga', '29600', 29),
        ('Granada', '18700', 18),
        ('Salamanca', '37000', 37),
        ('Barcelona', '08950', 08),
        ('La Coruña', '30100', 33);


INSERT INTO phone_types(PHONE_TYPE_CODE, PHONE_TYPE)
VALUES ('+34', 'Spanish');

INSERT INTO document_type(DOCUMENT_TYPE)
VALUES ('DNI/NIF'),
		('PASSPORT'),
        ('VISA');

INSERT INTO people(NAME, LAST_NAME)
VALUES ('Alejandro', 'Alvarez'),
		('Marina', 'Castañon'),
        ('Elena', 'Rodriguez'),
        ('Isabel', 'Jimenez'),
        ('Daniel', 'Pedrero'),
        ('Sebastian', 'Rodriguez'),
        ('Julio', 'Castro'),
        ('Laura', 'Rodriguez'),
        ('Marta', 'Garcia'),
        ('Maria', 'Bermudez'),
        ('Soraya', 'Barroso'),
        ('Estefania', 'Adalid'),
        ('Anabel', 'Velazquez'),
        ('Ana', 'Cervera'),
        ('Alba', 'Martin'),
        ('Nicolas', 'Poley'),
        ('Lucia', 'Rodriguez'),
        ('Marta', 'Guil'),
        ('Patricia', 'Salazar'),
        ('Maria Escalata', 'Martinez'),
        ('Monica', 'Garchan'),
        ('Aurely', 'Sanchez'),
        ('Ieva', 'Cindy'),
        ('Tomas', 'Rodriguez'),
        ('Vera', 'Apal'),
        ('Olga', 'Gomez'),
			('Mario', 'Perea'),
			('Antonio', 'Botella'),
        ('Maria', 'Perez'),
        ('Alba', 'Gadei');

SELECT PERSON_CODE, NAME FROM people;

INSERT INTO phones(PHONE_NUMBER, PHONE_TYPE_CODE, PERSON_CODE)
VALUES ('617 587 148', '+34', '1'),
		('617 567 148', '+34','2'),
        ('617 687 148', '+34','3'),
        ('617 537 148', '+34','4'),
        ('617 517 148', '+34','5'),
        ('617 527 148', '+34','6'),
        ('617 588 148', '+34','7'),
        ('617 581 148', '+34','8'),
        ('617 582 148', '+34','9'),
        ('617 583 148', '+34','10'),
        ('617 584 148', '+34','11'),
        ('617 585 148', '+34','12'),
        ('617 586 148', '+34','13'),
        ('617 587 168', '+34','14'),
        ('617 588 118', '+34','15'),
        ('617 589 128', '+34','16'),
        ('617 587 248', '+34','17'),
        ('617 587 348', '+34','18'),
        ('617 587 448', '+34','19'),
        ('617 587 548', '+34','20'),
        ('617 587 648', '+34','21'),
        ('617 585 748', '+34','22'),
        ('617 586 848', '+34','23'),
        ('611 587 968', '+34','24'),
        ('612 588 118', '+34','25'),
        ('613 589 128', '+34','26'),
        ('614 587 248', '+34','27'),
        ('615 587 348', '+34','28'),
        ('616 587 448', '+34','29'),
        ('697 587 548', '+34','30');

SELECT COUNT(*) FROM phones;

INSERT INTO addresses(ADDRESS, PERSON_CODE)
VALUES ('Address1', '1'),
		('Address2', '2'),
		('Address3', '3'),
		('Address4', '4'),
		('Address5', '5'),
		('Address6', '6'),
		('Address7', '7'),
		('Address8', '8'),
		('Address9', '9'),
		('Address10', '10'),
		('Address11', '11'),
		('Address12', '12'),
		('Address13', '13'),
		('Address14', '14'),
		('Address15', '15'),
		('Address16', '16'),
		('Address17', '17'),
		('Address18', '18'),
		('Address19', '19'),
		('Address20', '20'),
		('Address21', '21'),
		('Address22', '22'),
		('Address23', '23'),
		('Address24', '24'),
		('Address25', '25'),
		('Address26', '26'),
		('Address27', '27'),
		('Address28', '28'),
		('Address29', '29'),
		('Address30', '30');


INSERT INTO families(PERSON_CODE, RELATIVE_CODE, PARENTSHIP_TYPE)
VALUES (1, 5, 'Brother'),
		(2, 6, 'Brother'),
        (3, 7, 'Brother'),
        (4, 8, 'Sister'),
        (5, 9, 'Sister'),
        (6, 10, 'Cousin'),
		(7, 11, 'Wife'),
        (8, 12, 'GrandMother'),
        (9, 13, 'Mother'),
        (10, 14, 'Mother'),
        (11, 15, 'Mother'),
		(12, 16, 'Father'),
        (13, 17, 'Sister'),
        (14, 18, 'Sister'),
        (15, 19, 'Wife'),
        (16, 20, 'GrandMother'),
		(17, 21, 'Sister'),
        (18, 22, 'Daughter'),
        (19, 23, 'Cousin'),
        (20, 24, 'GrandFather'),
        (21, 25, 'Sister'),
		(22, 26, 'Wife'),
        (23, 27, 'Mother'),
        (24, 28, 'Uncle'),
        (25, 29, 'Father'),
        (26, 30, 'Aunt'),
		(27, 2, 'Uncle'),
        (28, 3, 'Mother'),
        (29, 4, 'Daughter'),
        (30, 1, 'Father');

INSERT INTO documents(DOCUMENT_NUMBER, DOCUMENT_TYPE_CODE, PERSON_CODE)
VALUES ('451053459-A', 1, '1'),
        ('452053459-B', 1, '2'),
        ('453053459-C', 1, '3'),
        ('454053459-D', 1, '4'),
        ('455053459-E', 1, '6'),
        ('456053459-F', 1, '7'),
        ('457053459-G', 1, '8'),
        ('458053459-H', 1, '9'),
        ('459053459-I', 1, '10'),
        ('451153459-J', 1, '11'),
        ('451253459-K', 1, '12'),
        ('451353459-L', 1, '13'),
        ('451453459-M', 1, '14'),
        ('451553459-N', 1, '15'),
        ('451653459-P', 1, '16'),
        ('451753459-Q', 1, '17'),
        ('451853459-R', 1, '18'),
        ('451953459-S', 1, '19'),
        ('451013459-T', 1, '20'),
        ('451023459-V', 1, '21'),
        ('451033459-B', 1, '22'),
        ('451043459-W', 1, '23'),
        ('451063459-X', 1, '24'),
        ('451073459-Y', 1, '25'),
        ('451083459-Z', 1, '26'),
        ('451094459-Q', 1, '27'),
        ('451055459-U', 1, '28'),
        ('451056459-I', 1, '29'),
        ('451057459-O', 1, '30');

INSERT INTO patients(DATE, PHOTO, PERSON_CODE, BLOOD_TYPE_CODE, SEX_TYPE_CODE, STATUS_CODE, CITY_CODE)
VALUES ('2017-06-15', 'photo_link', 1, 1, 1, 1, 6), 
		('2017-06-15', 'photo_link', 2, 2, 1, 2, 6),
        ('2017-06-15', 'photo_link', 3, 3, 1, 3, 1),
        ('2017-06-15', 'photo_link', 4, 4, 1, 4, 1),
        ('2017-06-15', 'photo_link', 5, 5, 1, 1, 1),
        ('2017-06-15', 'photo_link', 6, 6, 1, 1, 1),
		('2017-06-15', 'photo_link', 7, 7, 1, 2, 1),
        ('2017-06-15', 'photo_link', 8, 8, 1, 1, 2),
        ('2017-06-15', 'photo_link', 9, 1, 1, 3, 2),
        ('2017-06-15', 'photo_link', 10, 2, 1, 1, 2),
        ('2017-06-15', 'photo_link', 11, 3, 1, 4, 6),
		('2017-06-15', 'photo_link', 12, 4, 1, 3, 6),
        ('2017-06-15', 'photo_link', 13, 5, 1, 2, 6),
        ('2017-06-15', 'photo_link', 14, 6, 1, 2, 3),
        ('2017-06-15', 'photo_link', 15, 7, 1, 3, 4),
        ('2017-06-15', 'photo_link', 16, 8, 1, 3, 5),
		('2017-06-15', 'photo_link', 17, 1, 1, 3, 5),
        ('2017-06-15', 'photo_link', 18, 2, 1, 3, 5),
        ('2017-06-15', 'photo_link', 19, 3, 1, 3, 5),
        ('2017-06-15', 'photo_link', 20, 4, 1, 1, 5),
        ('2017-06-15', 'photo_link', 21, 5, 1, 1, 5),
		('2017-06-15', 'photo_link', 22, 6, 1, 1, 5),
        ('2017-06-15', 'photo_link', 23, 7, 1, 1, 6),
        ('2017-06-15', 'photo_link', 24, 8, 1, 4, 6),
        ('2017-06-15', 'photo_link', 25, 1, 1, 2, 6),
        ('2017-06-15', 'photo_link', 26, 2, 1, 2, 6),
		('2017-06-15', 'photo_link', 27, 3, 1, 2, 6),
        ('2017-06-15', 'photo_link', 28, 4, 1, 1, 6),
        ('2017-06-15', 'photo_link', 29, 5, 1, 1, 6),
        ('2017-06-15', 'photo_link', 30, 6, 1, 1, 6);


INSERT INTO clinic_historic(HISTORIC, PATIENT_CODE)
VALUES ('The patient presents some sintoms of allergic to flowers.', 1),
		('The patient presents some sintoms of lactose intolerant.', 2),
        ('The patient does not presents any sintoms of inmunologica deficency.', 3),
        ('The patient presents some light over weight.', 4),
        ('The patient presents some lack of weight.', 5),
        ('The patient presents some sintoms of allergic to seafood.', 6),
		('The patient presents some sintoms of animal allergy, specically cats and dogs.', 7),
        ('The patient does does present a good physical and inmmunological condition.', 8),
        ('The patient presents some problems in vision.', 9),
        ('The patient presents some deviation in the vertebral column.', 10),
        ('The patient presents some sintoms of allergic to nuts.', 11),
		('The patient presents some sintoms of lactose intolerant.', 12),
        ('The patient does not presents any sintoms of inmunological deficency.', 13),
        ('The patient presents some light over weight.', 14),
        ('The patient presents some lack of weight.', 15),
        ('The patient presents some sintoms of allergic to seafood.', 16),
		('The patient presents some sintoms of animal allergy, specically cats and dogs.', 17),
        ('The patient does does present a good physical and inmmunological condition.', 18),
        ('The patient presents some problems in vision.', 19),
        ('The patient presents some deviation in the vertebral column.', 20),
        ('The patient presents some sintoms of allergic to nuts.', 21),
		('The patient presents some sintoms of lactose intolerant.', 22),
        ('The patient does not presents any sintoms of inmunological deficency.', 23),
        ('The patient presents some light over weight.', 24),
        ('The patient presents some lack of weight.', 25),
        ('The patient presents some sintoms of allergic to seafood.', 26),
		('The patient presents some sintoms of animal allergy, specically cats and dogs.', 27),
        ('The patient does does present a good physical and inmmunological condition.', 28),
        ('The patient presents some problems in vision.', 29),
        ('The patient presents some deviation in the vertebral column.', 30);
